Mediana,Moda,Media,Maximo,Minimo
123447.869,12.0,547475.4056771355,8262566.295999999,-685.35
