Desvio,P25,P50,P75
1082547.8552724519,12283.3655,123447.869,576077.2984999999
